filename,width,height,class,xmin,ymin,xmax,ymax
traffic-sign-6627_640.png,640,640,stop sign,1,7,640,640
stop-2717058_640.png,640,640,stop sign,129,53,510,423
stop-37964_640.png,640,640,stop sign,1,1,631,637
pedestrian-crossing-1834262_640.jpg,360,640,stop sign,101,52,267,211
panel-1596587_640.jpg,640,366,stop sign,97,3,534,366
stop-5220669_640.jpg,640,427,stop sign,201,78,491,339
characters-1087293_640.jpg,480,640,stop sign,127,39,357,255
stop-sign-319045_640.jpg,640,428,stop sign,42,5,547,421
stop-145896_640.png,640,640,stop sign,3,5,640,640
stop-160734_640.png,640,640,stop sign,8,2,640,637
stop-148314_640.png,640,640,stop sign,1,5,640,634
stop-2852186_640.jpg,480,640,stop sign,21,110,448,517
